participant_id,attendance_sessions,total_sessions,completed,satisfaction_score,previous_ai_experience,practice_outside_class
P001,5,5,Yes,5,High,Yes
P002,5,5,Yes,4,Medium,Yes
P003,4,5,Yes,4,Low,No
P004,5,5,Yes,5,High,Yes
P005,3,5,No,3,Low,No
P006,5,5,Yes,4,Medium,Yes
P007,4,5,Yes,4,Low,Yes
P008,5,5,Yes,5,High,Yes
P009,2,5,No,2,Low,No
P010,5,5,Yes,4,Medium,Yes
P011,4,5,Yes,4,Medium,No
P012,5,5,Yes,5,High,Yes
P013,5,5,Yes,4,Low,Yes
P014,3,5,No,3,Low,No
P015,5,5,Yes,5,High,Yes
P016,4,5,Yes,4,Medium,Yes
P017,5,5,Yes,5,High,Yes
P018,3,5,No,3,Low,No
P019,5,5,Yes,4,Medium,Yes
P020,4,5,Yes,4,Low,Yes
